{"cameraMode":{"drawMode":0,"name":"Shaded","section":"Shading Mode"},"sceneLighting":false,"audioPlay":false,"sceneViewState":{"m_AlwaysRefresh":true,"showFog":true,"showSkybox":false,"showFlares":true,"showImageEffects":true,"showParticleSystems":true,"showVisualEffectGraphs":true,"m_FxEnabled":true},"in2DMode":false,"pivot":{"x":-0.027771122753620149,"y":0.11291667819023133,"z":-0.021656006574630739},"rotation":{"x":-0.027632493525743486,"y":-0.9592157602310181,"z":0.262698769569397,"w":-0.10104208439588547},"size":0.3903954029083252,"orthographic":false}