{"cameraMode":{"drawMode":0,"name":"Shaded","section":"Shading Mode"},"sceneLighting":true,"audioPlay":false,"sceneViewState":{"m_AlwaysRefresh":true,"showFog":true,"showSkybox":true,"showFlares":true,"showImageEffects":true,"showParticleSystems":true,"showVisualEffectGraphs":true,"m_FxEnabled":true},"in2DMode":false,"pivot":{"x":2.641024351119995,"y":-28.49385643005371,"z":-19.211437225341798},"rotation":{"x":0.03571338579058647,"y":0.8828713893890381,"z":-0.4633575677871704,"w":0.06816811859607697},"size":19.278417587280275,"orthographic":false}